﻿{
  "id": "ModID",
  "name": "ModName",
  "author": "YourName",
  "description": ["ModDescription"],
  "gameVersion": "1.1.0",
  "version": "1.0.0.0",
  "platform": "Quest",
  "category": "Other",
  "coverImageFilename": "Cover.png",
  "components": [
    {
      "Type": "AssetsMod",
      "InstallAction": {
        "PreloadFiles": ["sharedassets13.assets"],
		"Actions": [
			{
				"Type": "ReplaceAsset",
				"StepNumber": 1,
				"Locator": { 
					
					"TypeIs": "Mesh",
					"NameIs": "CubeNoteSmoothHD"
					},
				"FromDataFile": "CubeNoteSmoothLW.dat"
			}
		]
      },
	  "UninstallAction": {
        "PreloadFiles": ["sharedassets13.assets"],
		"Actions": [
			{
				"Type": "RestoreAsset",
				"StepNumber": 1,
				"Locator": { 
					
					"TypeIs": "Mesh",
					"NameIs": "CubeNoteSmoothHD"
					}				
			}
		]
      }
    }
  ]
}