﻿{
  "id": "TransparentWallsV1",
  "name": "Transparent Walls V1",
  "author": "RedBrumbler",
  "description": ["...Reveal to me that which is hidden, unveil to me what is forbidden"],
  "gameVersion": "1.1.0",
  "version": "1.0.0.7",
  "platform": "Quest",
  "category": "Other",
  "coverImageFilename": "Cover.png",
  "components": [
    {
      "Type": "AssetsMod",
      "InstallAction": {
        "PreloadFiles": ["sharedassets13.assets"],
		"Actions": [
			{
				"Type": "ReplaceAsset",
				"StepNumber": 1,
				"Locator": { 
					
					"PathIs": {
						"AssetFilename": "sharedassets13.assets",
						"PathID": 202
						}
					},
				"FromDataFile": "ObstacleCoreMeshRenderer.dat"
			},
			{
				"Type": "ReplaceAsset",
				"StepNumber": 1,
				"Locator": { 
					
					"PathIs": {
						"AssetFilename": "sharedassets13.assets",
						"PathID": 191
						}
					},
				"FromDataFile": "ObstacleCoreMeshRenderer.dat"
			}
		]
      },
	  "UninstallAction": {
        "PreloadFiles": ["sharedassets13.assets"],
		"Actions": [
			{
				"Type": "RestoreAsset",
				"StepNumber": 1,
				"Locator": { 
					
					"PathIs": {
						"AssetFilename": "sharedassets13.assets",
						"PathID": 202
						}
					}				
			},
			{
				"Type": "RestoreAsset",
				"StepNumber": 1,
				"Locator": { 
					
					"PathIs": {
						"AssetFilename": "sharedassets13.assets",
						"PathID": 191
						}
					}				
			}
		]
      }
    }
  ]
}