{
  "coverImageFilename": "Cover.png",
  "icon": "Cover.png",
  "components": [
    {
      "Type": "AssetsMod",
      "InstallAction": {
        "PreloadFiles": [
          "sharedassets2.assets"
        ],
        "Actions": [
          {
            "Type": "ReplaceAsset",
            "FromDataFile": "MenuClick0.dat",
            "Locator": {
              "PathIs": {
                "AssetFilename": "sharedassets2.assets",
                "PathID": 33
              }
            },
            "AllowOverwriteName": false,
            "StepNumber": 1
          }
        ]
      },
      "UninstallAction": {
        "PreloadFiles": [
          "sharedassets2.assets"
        ],
        "Actions": [
          {
            "Type": "ReplaceAsset",
            "Locator": {
              "PathIs": {
                "AssetFilename": "sharedassets2.assets",
                "PathID": 33
              }
            },
            "StepNumber": 1
          }
        ]
      }
    }
  ],
  "version": "1.0.0",
  "links": {},
  "description": [
    "Sweet little mod to change the menu sounds to mario coin collection sound"
  ],
  "gameVersion": "1.1.0",
  "platform": "Quest",
  "id": "MarioCoinMenuClickV1",
  "name": "Mario Coin Menu Click V1",
  "author": "RedBrumbler",
  "category": "Other"
}