﻿{
  "id": "MarioCoinMenuClickV1",
  "name": "Mario Coin Menu Click V1",
  "author": "RedBrumbler",
  "description": ["Sweet little mod to change the menu sounds to mario coin collection sound"],
  "gameVersion": "1.1.0",
  "version": "1.0.0",
  "platform": "Quest",
  "category": "Other",
  "coverImageFilename": "Cover.png",
  "components": [
    {
      "Type": "AssetsMod",
      "InstallAction": {
        "PreloadFiles": ["sharedassets2.assets"],
		"Actions": [
			{
				"Type": "ReplaceAsset",
				"StepNumber": 1,
				"Locator": { 
					"PathIs": {
						"AssetFilename": "sharedassets2.assets",
						"PathID": 33
						}
					},
				"FromDataFile": "MenuClick0.dat"
			}
		]
      },
	  "UninstallAction": {
        "PreloadFiles": ["sharedassets2.assets"],
		"Actions": [
			{
				"Type": "RestoreAsset",
				"StepNumber": 1,
				"Locator": { 
					"PathIs": {
						"AssetFilename": "sharedassets2.assets",
						"PathID": 33
						}
					}				
			}
		]
      }
    }
  ]
}