{
	"id": "SimpsonsMenu",
	"name": "Simpsons menu",
	"author": "Cynodinium, Sc2ad, Node and Emulamer ",
	"description": ["Simpsons in Beat Saber! What could be better?"],
	"gameVersion": "1.1.0",
	"coverImageFilename": "Cover.jpg",
	"version": "1.0.1",
	"platform": "Quest",
	"category": "Other",
	"components": [
		{
			"coverImageFilename": "Cover.png",
			"Type": "AssetsMod",
			"InstallAction": {
				"PreloadFiles": ["sharedassets2.assets"],
				"Actions": [
					{
						"Type": "ReplaceAsset",
						"StepNumber": 1,
						"Locator": { 
							"PathIs": {
								"AssetFilename": "sharedassets2.assets",
								"PathID": 33
							}
						},
						"FromDataFile": "Doh_Click.dat"
					},
					{
						"Type": "ReplaceAsset",
						"StepNumber": 2,
						"Locator": { 
							"PathIs": {
								"AssetFilename": "sharedassets2.assets",
								"PathID": 35
							}
						},
						"FromDataFile": "Menu_Music.dat"
					}
				]
			},
			"UninstallAction": {
				"PreloadFiles": ["sharedassets2.assets"],
				"Actions": [
					{
						"Type": "RestoreAsset",
						"StepNumber": 1,
						"Locator": { 
							"PathIs": {
								"AssetFilename": "sharedassets2.assets",
								"PathID": 33
							}
						}			
					},
					{
						"Type": "RestoreAsset",
						"StepNumber": 2,
						"Locator": { 
							"PathIs": {
								"AssetFilename": "sharedassets2.assets",
								"PathID": 35
							}
						}			
					}
				]
			}
		}
	]
}