{
  "id": "QuackOnHit",
  "name": "QuackOnHit",
  "author": "Cynodinium",
  "description": ["The remastered version of QuackOnHit for the Oculus Quest"],
  "gameVersion": "1.2.0",
  "version": "1.0.1",
  "platform": "Quest",
  "category": "Other",
  "coverImageFilename": "cover.jpg",
  "components": [
    {
      "Type": "AssetsMod",
      "InstallAction": {
        "PreloadFiles": ["sharedassets13.assets"],
		"Actions": [
			{
				"Type": "ReplaceAsset",
				"StepNumber": 1,
				"Locator": { 
					"PathIs": {
						"AssetFilename": "sharedassets13.assets",
						"PathID": 60
						}
					},
				"FromDataFile": "Quack1.dat"
			},
			{
				"Type": "ReplaceAsset",
				"StepNumber": 2,
				"Locator": { 
					"PathIs": {
						"AssetFilename": "sharedassets13.assets",
						"PathID": 61
						}
					},
				"FromDataFile": "Quack2.dat"
			},
			{
				"Type": "ReplaceAsset",
				"StepNumber": 3,
				"Locator": { 
					"PathIs": {
						"AssetFilename": "sharedassets13.assets",
						"PathID": 63
						}
					},
				"FromDataFile": "Quack3.dat"
			},
			{
				"Type": "ReplaceAsset",
				"StepNumber": 4,
				"Locator": { 
					"PathIs": {
						"AssetFilename": "sharedassets13.assets",
						"PathID": 64
						}
					},
				"FromDataFile": "Quack4.dat"
			},
			{
				"Type": "ReplaceAsset",
				"StepNumber": 5,
				"Locator": { 
					"PathIs": {
						"AssetFilename": "sharedassets13.assets",
						"PathID": 66
						}
					},
				"FromDataFile": "Quack5.dat"
			},
			{
				"Type": "ReplaceAsset",
				"StepNumber": 6,
				"Locator": { 
					"PathIs": {
						"AssetFilename": "sharedassets13.assets",
						"PathID": 67
						}
					},
				"FromDataFile": "Quack6.dat"
			},
			{
				"Type": "ReplaceAsset",
				"StepNumber": 7,
				"Locator": { 
					"PathIs": {
						"AssetFilename": "sharedassets13.assets",
						"PathID": 68
						}
					},
				"FromDataFile": "Quack7.dat"
			},
			{
		
				"Type": "ReplaceAsset",
				"StepNumber": 8,
				"Locator": { 
					"PathIs": {
						"AssetFilename": "sharedassets13.assets",
						"PathID": 69
						}
					},
				"FromDataFile": "Quack8.dat"
			},
			{
				"Type": "ReplaceAsset",
				"StepNumber": 9,
				"Locator": { 
					"PathIs": {
						"AssetFilename": "sharedassets13.assets",
						"PathID": 70
						}
					},
				"FromDataFile": "Quack9.dat"
			},
			{
				"Type": "ReplaceAsset",
				"StepNumber": 10,
				"Locator": { 
					"PathIs": {
						"AssetFilename": "sharedassets13.assets",
						"PathID": 71
						}
					},
				"FromDataFile": "Quack9.dat"
			},
			{
				"Type": "ReplaceAsset",
				"StepNumber": 11,
				"Locator": { 
					"PathIs": {
						"AssetFilename": "sharedassets13.assets",
						"PathID": 72
						}
					},
				"FromDataFile": "Quack10.dat"
			},
			{
				"Type": "ReplaceAsset",
				"StepNumber": 12,
				"Locator": { 
					"PathIs": {
						"AssetFilename": "sharedassets13.assets",
						"PathID": 73
						}
					},
				"FromDataFile": "Quack11.dat"
			},
			{
				"Type": "ReplaceAsset",
				"StepNumber": 12,
				"Locator": { 
					"PathIs": {
						"AssetFilename": "sharedassets13.assets",
						"PathID": 74
						}
					},
				"FromDataFile": "Quack12.dat"
			},
			{
				"Type": "ReplaceAsset",
				"StepNumber": 13,
				"Locator": { 
					"PathIs": {
						"AssetFilename": "sharedassets13.assets",
						"PathID": 76
						}
					},
						"FromDataFile": "Quack13.dat"
			},
			{
				"Type": "ReplaceAsset",
				"StepNumber": 14,
				"Locator": { 
					"PathIs": {
						"AssetFilename": "sharedassets13.assets",
						"PathID": 77
						}
					},
				"FromDataFile": "Quack14.dat"
			},
			{
				"Type": "ReplaceAsset",
				"StepNumber": 15,
				"Locator": { 
					"PathIs": {
						"AssetFilename": "sharedassets13.assets",
						"PathID": 78
						}
					},
				"FromDataFile": "Quack15.dat"
			},
			{
				"Type": "ReplaceAsset",
				"StepNumber": 16,
				"Locator": { 
					"PathIs": {
						"AssetFilename": "sharedassets13.assets",
						"PathID": 79
						}
					},
				"FromDataFile": "Quack16.dat"
			},
			{
				"Type": "ReplaceAsset",
				"StepNumber": 17,
				"Locator": { 
					"PathIs": {
						"AssetFilename": "sharedassets13.assets",
						"PathID": 81
						}
					},
				"FromDataFile": "Quack17.dat"
			},
			{
				"Type": "ReplaceAsset",
				"StepNumber": 18,
				"Locator": { 
					"PathIs": {
						"AssetFilename": "sharedassets13.assets",
						"PathID": 82
						}
					},
				"FromDataFile": "Quack18.dat"
			},
			{
				"Type": "ReplaceAsset",
				"StepNumber": 19,
				"Locator": { 
					"PathIs": {
						"AssetFilename": "sharedassets13.assets",
						"PathID": 83
						}
					},
				"FromDataFile": "Quack19.dat"
			},
			{
				"Type": "ReplaceAsset",
				"StepNumber": 20,
				"Locator": { 
					"PathIs": {
						"AssetFilename": "sharedassets13.assets",
						"PathID": 83
						}
					},
				"FromDataFile": "Quack20.dat"
			}
		]
	},
	  "UninstallAction": {
        "PreloadFiles": ["sharedassets13.assets"],
		"Actions": [
			{
				"Type": "RestoreAsset",
				"StepNumber": 1,
				"Locator": { 
					"PathIs": {
						"AssetFilename": "sharedassets13.assets",
						"PathID": 60
						}
				}			
			},
			{
				"Type": "RestoreAsset",
				"StepNumber": 2,
				"Locator": { 
					"PathIs": {
						"AssetFilename": "sharedassets13.assets",
						"PathID": 61
						}
				}			
			},
			{
				"Type": "RestoreAsset",
				"StepNumber": 3,
				"Locator": { 
					"PathIs": {
						"AssetFilename": "sharedassets13.assets",
						"PathID": 63
						}
				}			
			},
			{
				"Type": "RestoreAsset",
				"StepNumber": 4,
				"Locator": { 
					"PathIs": {
						"AssetFilename": "sharedassets13.assets",
						"PathID": 64
						}
					}
			},
			{
				"Type": "RestoreAsset",
				"StepNumber": 5,
				"Locator": { 
					"PathIs": {
						"AssetFilename": "sharedassets13.assets",
						"PathID": 66
						}
					}
			},
			{
				"Type": "RestoreAsset",
				"StepNumber": 6,
				"Locator": { 
					"PathIs": {
						"AssetFilename": "sharedassets13.assets",
						"PathID": 67
						}
					}
			},
			{
				"Type": "RestoreAsset",
				"StepNumber": 7,
				"Locator": { 
					"PathIs": {
						"AssetFilename": "sharedassets13.assets",
						"PathID": 68
						}
				}			
			},
			{
				"Type": "RestoreAsset",
				"StepNumber": 8,
				"Locator": { 
					"PathIs": {
						"AssetFilename": "sharedassets13.assets",
						"PathID": 69
						}
				}			
			},
			{
				"Type": "RestoreAsset",
				"StepNumber": 9,
				"Locator": { 
					"PathIs": {
						"AssetFilename": "sharedassets13.assets",
						"PathID": 70
						}
				}			
			},
			{
				"Type": "RestoreAsset",
				"StepNumber": 10,
				"Locator": { 
					"PathIs": {
						"AssetFilename": "sharedassets13.assets",
						"PathID": 71
						}
					}
			},
			{
				"Type": "RestoreAsset",
				"StepNumber": 11,
				"Locator": { 
					"PathIs": {
						"AssetFilename": "sharedassets13.assets",
						"PathID": 72
						}
					}
			},
			{
				"Type": "RestoreAsset",
				"StepNumber": 12,
				"Locator": { 
					"PathIs": {
						"AssetFilename": "sharedassets13.assets",
						"PathID": 73
						}
					}
			},
			{
				"Type": "RestoreAsset",
				"StepNumber": 13,
				"Locator": { 
					"PathIs": {
						"AssetFilename": "sharedassets13.assets",
						"PathID": 74
						}
					}
			},
			{
				"Type": "RestoreAsset",
				"StepNumber": 14,
				"Locator": { 
					"PathIs": {
						"AssetFilename": "sharedassets13.assets",
						"PathID": 76
						}
				}			
			},
			{
				"Type": "RestoreAsset",
				"StepNumber": 15,
				"Locator": { 
					"PathIs": {
						"AssetFilename": "sharedassets13.assets",
						"PathID": 77
						}
				}			
			},
			{
				"Type": "RestoreAsset",
				"StepNumber": 16,
				"Locator": { 
					"PathIs": {
						"AssetFilename": "sharedassets13.assets",
						"PathID": 78
						}
				}			
			},
			{
				"Type": "RestoreAsset",
				"StepNumber": 17,
				"Locator": { 
					"PathIs": {
						"AssetFilename": "sharedassets13.assets",
						"PathID": 79
						}
					}
			},
			{
				"Type": "RestoreAsset",
				"StepNumber": 18,
				"Locator": { 
					"PathIs": {
						"AssetFilename": "sharedassets13.assets",
						"PathID": 81
						}
					}
			},
			{
				"Type": "RestoreAsset",
				"StepNumber": 19,
				"Locator": { 
					"PathIs": {
						"AssetFilename": "sharedassets13.assets",
						"PathID": 82
						}
					}
			},
			{
				"Type": "RestoreAsset",
				"StepNumber": 20,
				"Locator": { 
					"PathIs": {
						"AssetFilename": "sharedassets13.assets",
						"PathID": 83
						}
				}			
			}
		]
      }
    }
  ]
}