{
  "coverImageFilename": "Cover.png",
  "icon": "Cover.png",
  "components": [
    {
      "Type": "AssetsMod",
      "InstallAction": {
        "PreloadFiles": [
          "sharedassets13.assets"
        ],
        "Actions": [
          {
            "Type": "ReplaceAsset",
            "FromDataFile": "ObstacleCoreSimple.dat",
            "Locator": {
              "PathIs": {
                "AssetFilename": "sharedassets13.assets",
                "PathID": 13
              }
            },
            "AllowOverwriteName": false,
            "StepNumber": 1
          },
          {
            "Type": "ReplaceAsset",
            "FromDataFile": "FakeWallGlow273.dat",
            "Locator": {
              "PathIs": {
                "AssetFilename": "sharedassets13.assets",
                "PathID": 273
              }
            },
            "AllowOverwriteName": false,
            "StepNumber": 2
          },
          {
            "Type": "ReplaceAsset",
            "FromDataFile": "FakeWallGlow308.dat",
            "Locator": {
              "PathIs": {
                "AssetFilename": "sharedassets13.assets",
                "PathID": 308
              }
            },
            "AllowOverwriteName": false,
            "StepNumber": 3
          }
        ]
      },
      "UninstallAction": {
        "PreloadFiles": [
          "sharedassets13.assets"
        ],
        "Actions": [
          {
            "Type": "RestoreAsset",
            "Locator": {
              "PathIs": {
                "AssetFilename": "sharedassets13.assets",
                "PathID": 13
              }
            },
            "StepNumber": 1
          },
          {
            "Type": "RestoreAsset",
            "Locator": {
              "PathIs": {
                "AssetFilename": "sharedassets13.assets",
                "PathID": 273
              }
            },
            "StepNumber": 2
          },
          {
            "Type": "RestoreAsset",
            "Locator": {
              "PathIs": {
                "AssetFilename": "sharedassets13.assets",
                "PathID": 308
              }
            },
            "StepNumber": 3
          }
        ]
      }
    }
  ],
  "version": "1.0.0",
  "links": {},
  "description": [
    "Changes the wall color to Orange"
  ],
  "gameVersion": "1.1.0",
  "platform": "Quest",
  "id": "OrangeWallV1",
  "name": "Orange Walls",
  "author": "RedBrumbler",
  "category": "Other"
}