﻿{
  "id": "HaloEnergySwordV1",
  "name": "Halo Energy Sword V1",
  "author": "RedBrumbler",
  "description": ["Halo Energy Sword from the Halo games"],
  "gameVersion": "1.1.0",
  "version": "1.1.1.0",
  "platform": "Quest",
  "category": "Saber",
  "coverImageFilename": "Cover.png",
  "components": [
    {
      "Type": "AssetsMod",
      "InstallAction": {
        "PreloadFiles": ["sharedassets12.assets"],
		"Actions": [
			{
				"Type": "ReplaceAsset",
				"StepNumber": 1,
				"Locator": { 
					"PathIs": {
						"AssetFilename": "sharedassets12.assets",
						"PathID": 44
						}
					},
				"FromDataFile": "SaberRenderer.dat"
			},
			{
				"Type": "ReplaceAsset",
				"StepNumber": 1,
				"Locator": { 
					"TypeIs": "Mesh",
					"NameIs": "SaberGlowingEdges"
					},
				"FromDataFile": "SaberGlowingEdges.dat"
			},
			{
				"Type": "ReplaceAsset",
				"StepNumber": 1,
				"Locator": { 
					"PathIs": {
						"AssetFilename": "sharedassets12.assets",
						"PathID": 62
						}
						},
				"FromDataFile": "FakeGlow.dat"
			},
			{
				"Type": "ReplaceAsset",
				"StepNumber": 1,
				"Locator": { 
					"TypeIs": "Mesh",
					"NameIs": "SaberHandle"
					},
				"FromDataFile": "SaberHandle.dat"
			},
			{
				"Type": "ReplaceAsset",
				"StepNumber": 1,
				"Locator": { 
					"TypeIs": "Texture2D",
					"NameIs": "FullTrail"
					},
				"FromDataFile": "FullTrail.dat"
			}
		]
      },
	  "UninstallAction": {
        "PreloadFiles": ["sharedassets12.assets"],
		"Actions": [
			{
				"Type": "RestoreAsset",
				"StepNumber": 1,
				"Locator": { 
					"PathIs": {
						"AssetFilename": "sharedassets12.assets",
						"PathID": 44
						}
					}				
			},
			{
				"Type": "RestoreAsset",
				"StepNumber": 2,
				"Locator": { 
					"TypeIs": "Mesh",
					"NameIs": "SaberGlowingEdges"
					}
			},
			{
				"Type": "RestoreAsset",
				"StepNumber": 3,
				"Locator": { 
					"TypeIs": "Mesh",
					"NameIs": "SaberHandle"
					}
					},
			{
				"Type": "RestoreAsset",
				"StepNumber": 4,
				"Locator": { 
					"PathIs": {
						"AssetFilename": "sharedassets12.assets",
						"PathID": 62
						},
			}
			},
			{
				"Type": "RestoreAsset",
				"StepNumber": 1,
				"Locator": { 
					"TypeIs": "Texture2D",
					"NameIs": "FullTrail"
					
				}			
			}
		]
      }
    }
  ]
}