﻿{
  "id": "GreenWallV1",
  "name": "Green Walls",
  "author": "RedBrumbler",
  "description": ["Changes the wall color to Green"],
  "gameVersion": "1.1.0",
  "version": "1.0.0.0",
  "platform": "Quest",
  "category": "Other",
  "coverImageFilename": "Cover.png",
  "components": [
    {
      "Type": "AssetsMod",
      "InstallAction": {
        "PreloadFiles": ["sharedassets13.assets"],
		"Actions": [
			{
				"Type": "ReplaceAsset",
				"StepNumber": 1,
				"Locator": { 
					
					"PathIs": {
						"AssetFilename": "sharedassets13.assets",
						"PathID": 13
						}
					},
				"FromDataFile": "ObstacleCoreSimple.dat"
			},
			{
				"Type": "ReplaceAsset",
				"StepNumber": 2,
				"Locator": { 
					
					"PathIs": {
						"AssetFilename": "sharedassets13.assets",
						"PathID": 273
						}
					},
				"FromDataFile": "WallGlow1.dat"
			},
			{
				"Type": "ReplaceAsset",
				"StepNumber": 3,
				"Locator": { 
					
					"PathIs": {
						"AssetFilename": "sharedassets13.assets",
						"PathID": 308
						}
					},
				"FromDataFile": "WallGlow1.dat"
			}
		]
      },
	  "UninstallAction": {
        "PreloadFiles": ["sharedassets13.assets"],
		"Actions": [
			{
				"Type": "RestoreAsset",
				"StepNumber": 1,
				"Locator": { 
					
					"PathIs": {
						"AssetFilename": "sharedassets13.assets",
						"PathID": 13
						}
					}				
			},
			{
				"Type": "RestoreAsset",
				"StepNumber": 1,
				"Locator": { 
					
					"PathIs": {
						"AssetFilename": "sharedassets13.assets",
						"PathID": 273
						}
					}				
			},
			{
				"Type": "RestoreAsset",
				"StepNumber": 1,
				"Locator": { 
					
					"PathIs": {
						"AssetFilename": "sharedassets13.assets",
						"PathID": 308
						}
					}				
			}
		]
      }
    }
  ]
}