{
  "id": "Thin Saber Trail",
  "name": "Thin Saber Trail",
  "author": "Cynodinium",
  "description": ["Want that thin look?"],
  "gameVersion": "1.1.0",
  "coverImageFilename": "Cover.jpg",
  "version": "1.0.0.3",
  "platform": "Quest",
  "category": "Other",
  "components": [
    {
	  "Type": "AssetsMod",
      "InstallAction": {
        "PreloadFiles": ["sharedassets1.assets", "sharedassets12.assets"],
		"Actions": [
			{
				"Type": "ReplaceAsset",
				"StepNumber": 1,
				"Locator": { 
					"PathIs": {
						"AssetFilename": "sharedassets12.assets",
						"PathID": 9
						}
					},
				"FromDataFile": "FullTrail.dat"
			}
		]
      },
	  "UninstallAction": {
        "PreloadFiles": ["sharedassets12.assets"],
		"Actions": [
			{
				"Type": "RestoreAsset",
				"StepNumber": 1,
				"Locator": { 
					"PathIs": {
						"AssetFilename": "sharedassets12.assets",
						"PathID": 9
						}
				}			
			}
		]
      }
    }
  ]
}