﻿{
  "id": "FacebookSuxxV1",
  "name": "FaceBook Suxx",
  "author": "RedBrumbler",
  "description": ["changes the beat saber text in the menu to 'FaceBook suxx'"],
  "gameVersion": "1.1.0",
  "version": "1.0.0",
  "platform": "Quest",
  "category": "Other",
  "coverImageFilename": "Cover.png",
  "components": [
    {
      "Type": "AssetsMod",
      "InstallAction": {
        "PreloadFiles": ["sharedassets22.assets"],
		"Actions": [
			{
				"Type": "ReplaceAsset",
				"StepNumber": 1,
				"Locator": { 
					"TypeIs": "Texture2D",
					"NameIs": "LogoBat"
					},
				"FromDataFile": "LogoBat.dat"
			},
			{
				"Type": "ReplaceAsset",
				"StepNumber": 1,
				"Locator": { 
					"TypeIs": "Texture2D",
					"NameIs": "LogoE"
					},
				"FromDataFile": "LogoE.dat"
			},
			{
				"Type": "ReplaceAsset",
				"StepNumber": 1,
				"Locator": { 
					"TypeIs": "Texture2D",
					"NameIs": "LogoSaber"
					},
				"FromDataFile": "LogoSaber.dat"
			}
		]
      },
	  "UninstallAction": {
        "PreloadFiles": ["sharedassets13.assets"],
		"Actions": [
			{
				"Type": "RestoreAsset",
				"StepNumber": 1,
				"Locator": { 
					"TypeIs": "Texture2D",
					"NameIs": "LogoBat"
					}				
			},
			{
				"Type": "RestoreAsset",
				"StepNumber": 1,
				"Locator": { 
					"TypeIs": "Texture2D",
					"NameIs": "LogoE"
					}				
			},
			{
				"Type": "RestoreAsset",
				"StepNumber": 1,
				"Locator": { 
					"TypeIs": "Texture2D",
					"NameIs": "LogoSaber"
					}				
			}
		]
      }
    }
  ]
}