{
  "id": "PencilTrailModV1",
  "name": "Pencil Trail Mod V1",
  "author": "RedBrumbler",
  "description": ["Changes the saber trail to a pencil texture"],
  "gameVersion": "1.1.0",
  "version": "1.0.0.3",
  "platform": "Quest",
  "category": "Other",
  "coverImageFilename": "Cover.png",
  "components": [
    {
      "Type": "AssetsMod",
      "InstallAction": {
        "PreloadFiles": ["sharedassets1.assets", "sharedassets12.assets"],
		"Actions": [
			{
				"Type": "ReplaceAsset",
				"StepNumber": 1,
				"Locator": { 
					"TypeIs": "Texture2D",
					"NameIs": "FullTrail"
					},
				"FromDataFile": "FullTrail.dat"
			}
		]
      },
	  "UninstallAction": {
        "PreloadFiles": ["sharedassets12.assets"],
		"Actions": [
			{
				"Type": "RestoreAsset",
				"StepNumber": 1,
				"Locator": { 
					"TypeIs": "Texture2D",
					"NameIs": "FullTrail"
					
				}			
			}
		]
      }
    }
  ]
}