﻿{
  "id": "MarioCoinNotesWSoundV1",
  "name": "Mario Coin Notes With Coin Sound",
  "author": "RedBrumbler, Idea by Yuuki from BSMG",
  "description": ["Destroy the Economy, Now with Coin sounds"],
  "gameVersion": "1.1.0",
  "version": "1.1.0.0",
  "platform": "Quest",
  "category": "Other",
  "coverImageFilename": "Cover.png",
  "components": [
   {
      "Type": "AssetsMod",
      "InstallAction": {
        "PreloadFiles": ["sharedassets13.assets"],
		"Actions": [
			{
				"Type": "ReplaceAsset",
				"StepNumber": 1,
				"Locator": { 
					
					"TypeIs": "Mesh",
					"NameIs": "CubeNoteSmoothHD"
					},
				"FromDataFile": "CubeNoteSmoothHD.dat"
			},
			{
				"Type": "ReplaceAsset",
				"StepNumber": 2,
				"Locator": { 
					"TypeIs": "AudioClip",
					"NameIs": "HitShortLeft4"
					},
				"FromDataFile": "HitShortLeft4.dat"
			},
			{
				"Type": "ReplaceAsset",
				"StepNumber": 3,
				"Locator": { 
					"TypeIs": "AudioClip",
					"NameIs": "HitLongRight1"
					
					},
				"FromDataFile": "HitLongRight1.dat"
			},
			{
				"Type": "ReplaceAsset",
				"StepNumber": 4,
				"Locator": { 
					"TypeIs": "AudioClip",
					"NameIs": "HitShortRight1"
					},
				"FromDataFile": "HitShortRight1.dat"
			},
			{
				"Type": "ReplaceAsset",
				"StepNumber": 5,
				"Locator": { 
					"TypeIs": "AudioClip",
					"NameIs": "HitLongLeft3"
					},
				"FromDataFile": "HitLongLeft3.dat"
			},
			{
				"Type": "ReplaceAsset",
				"StepNumber": 6,
				"Locator": { 
					"TypeIs": "AudioClip",
					"NameIs": "HitShortLeft1"
					},
				"FromDataFile": "HitShortLeft1.dat"
			},
			{
				"Type": "ReplaceAsset",
				"StepNumber": 7,
				"Locator": { 
					"TypeIs": "AudioClip",
					"NameIs": "HitLongRight5"
					},
				"FromDataFile": "HitLongRight5.dat"
			},
			{
				"Type": "ReplaceAsset",
				"StepNumber": 8,
				"Locator": { 
					
					"TypeIs": "AudioClip",
					"NameIs": "HitLongRight3"
					},
				"FromDataFile": "HitLongRight3.dat"
			},
			{
				"Type": "ReplaceAsset",
				"StepNumber": 9,
				"Locator": { 
					
					"TypeIs": "AudioClip",
					"NameIs": "HitLongLeft2"
					},
				"FromDataFile": "HitLongLeft2.dat"
			},
			{
				"Type": "ReplaceAsset",
				"StepNumber": 10,
				"Locator": { 
					
					"TypeIs": "AudioClip",
					"NameIs": "HitShortRight3"
					},
				"FromDataFile": "HitShortRight3.dat"
			},
			{
				"Type": "ReplaceAsset",
				"StepNumber": 11,
				"Locator": { 
					
					"TypeIs": "AudioClip",
					"NameIs": "HitLongLeft1"
					},
				"FromDataFile": "HitLongLeft1.dat"
			},
			{
				"Type": "ReplaceAsset",
				"StepNumber": 12,
				"Locator": { 
					
					"TypeIs": "AudioClip",
					"NameIs": "HitLongRight4"
					},
				"FromDataFile": "HitLongRight4.dat"
			},
			{
				"Type": "ReplaceAsset",
				"StepNumber": 13,
				"Locator": { 
					
					"TypeIs": "AudioClip",
					"NameIs": "HitLongLeft5"
					},
				"FromDataFile": "HitLongLeft5.dat"
			},
			{
				"Type": "ReplaceAsset",
				"StepNumber": 14,
				"Locator": { 
					
					"TypeIs": "AudioClip",
					"NameIs": "HitShortLeft5"
					},
				"FromDataFile": "HitShortLeft5.dat"
			},
			{
				"Type": "ReplaceAsset",
				"StepNumber": 15,
				"Locator": { 
					
					"TypeIs": "AudioClip",
					"NameIs": "HitShortRight5"
					},
				"FromDataFile": "HitShortRight5.dat"
			},
			{
				"Type": "ReplaceAsset",
				"StepNumber": 16,
				"Locator": { 
					
					"TypeIs": "AudioClip",
					"NameIs": "HitLongRight2"
					},
				"FromDataFile": "HitLongRight2.dat"
			},
			{
				"Type": "ReplaceAsset",
				"StepNumber": 17,
				"Locator": { 
					
					"TypeIs": "AudioClip",
					"NameIs": "HitLongLeft4"
					},
				"FromDataFile": "HitLongLeft4.dat"
			},
			{
				"Type": "ReplaceAsset",
				"StepNumber": 18,
				"Locator": { 
					
					"TypeIs": "AudioClip",
					"NameIs": "HitShortRight2"
					},
				"FromDataFile": "HitShortRight2.dat"
			},
			{
				"Type": "ReplaceAsset",
				"StepNumber": 19,
				"Locator": { 
					
					"TypeIs": "AudioClip",
					"NameIs": "HitShortLeft2"
					},
				"FromDataFile": "HitShortLeft2.dat"
			},
			{
				"Type": "ReplaceAsset",
				"StepNumber": 20,
				"Locator": { 
					
					"TypeIs": "AudioClip",
					"NameIs": "HitShortLeft3"
					},
				"FromDataFile": "HitShortLeft3.dat"
			},
			{
				"Type": "ReplaceAsset",
				"StepNumber": 21,
				"Locator": { 
					
					"TypeIs": "AudioClip",
					"NameIs": "HitShortRight4"
					},
				"FromDataFile": "HitShortRight4.dat"
			}
		]
      },
	  "UninstallAction": {
        "PreloadFiles": ["sharedassets13.assets"],
		"Actions": [
			{
				"Type": "RestoreAsset",
				"StepNumber": 1,
				"Locator": { 
					
					"TypeIs": "Mesh",
					"NameIs": "CubeNoteSmoothHD"
					}				
			},
			{
				"Type": "RestoreAsset",
				"StepNumber": 2,
				"Locator": { 
					
					"TypeIs": "AudioClip",
					"NameIs": "HitShortLeft1"
					}
			},
			{
				"Type": "RestoreAsset",
				"StepNumber": 3,
				"Locator": { 
					
					"TypeIs": "AudioClip",
					"NameIs": "HitShortLeft2"
					}
			},
			{
				"Type": "RestoreAsset",
				"StepNumber": 4,
				"Locator": { 
					
					"TypeIs": "AudioClip",
					"NameIs": "HitShortLeft3"
					}
			},
			{
				"Type": "RestoreAsset",
				"StepNumber": 5,
				"Locator": { 
					
					"TypeIs": "AudioClip",
					"NameIs": "HitShortLeft4"
					}
			},
			{
				"Type": "RestoreAsset",
				"StepNumber": 6,
				"Locator": { 
					
					"TypeIs": "AudioClip",
					"NameIs": "HitShortLeft5"
					}
			},
			{
				"Type": "RestoreAsset",
				"StepNumber": 7,
				"Locator": { 
					
					"TypeIs": "AudioClip",
					"NameIs": "HitShortRight1"
					}
			},
			{
				"Type": "RestoreAsset",
				"StepNumber": 8,
				"Locator": { 
					
					"TypeIs": "AudioClip",
					"NameIs": "HitShortRight2"
					}
			},
			{
				"Type": "RestoreAsset",
				"StepNumber": 9,
				"Locator": { 
					
					"TypeIs": "AudioClip",
					"NameIs": "HitShortRight3"
					}
			},
			{
				"Type": "RestoreAsset",
				"StepNumber": 10,
				"Locator": { 
					
					"TypeIs": "AudioClip",
					"NameIs": "HitShortRight4"
					}
			},
			{
				"Type": "RestoreAsset",
				"StepNumber": 11,
				"Locator": { 
					
					"TypeIs": "AudioClip",
					"NameIs": "HitShortRight5"
					}
			},
			{
				"Type": "RestoreAsset",
				"StepNumber": 12,
				"Locator": { 
					
					"TypeIs": "AudioClip",
					"NameIs": "HitLongLeft1"
					}
			},
			{
				"Type": "RestoreAsset",
				"StepNumber": 13,
				"Locator": { 
					
					"TypeIs": "AudioClip",
					"NameIs": "HitLongLeft2"
					}
			},
			{
				"Type": "RestoreAsset",
				"StepNumber": 14,
				"Locator": { 
					
					"TypeIs": "AudioClip",
					"NameIs": "HitLongLeft3"
					}
			},
			{
				"Type": "RestoreAsset",
				"StepNumber": 15,
				"Locator": { 
					
					"TypeIs": "AudioClip",
					"NameIs": "HitLongLeft4"
					}
			},
			{
				"Type": "RestoreAsset",
				"StepNumber": 16,
				"Locator": { 
					
					"TypeIs": "AudioClip",
					"NameIs": "HitLongLeft5"
					}
			},
			{
				"Type": "RestoreAsset",
				"StepNumber": 17,
				"Locator": { 
					
					"TypeIs": "AudioClip",
					"NameIs": "HitLongRight1"
					}
			},
			{
				"Type": "RestoreAsset",
				"StepNumber": 18,
				"Locator": { 
					
					"TypeIs": "AudioClip",
					"NameIs": "HitLongRight2"
					}
			},
			{
				"Type": "RestoreAsset",
				"StepNumber": 19,
				"Locator": { 
					
					"TypeIs": "AudioClip",
					"NameIs": "HitLongRight3"
					}
			},
			{
				"Type": "RestoreAsset",
				"StepNumber": 20,
				"Locator": { 
					
					"TypeIs": "AudioClip",
					"NameIs": "HitLongRight4"
					}
			},
			{
				"Type": "RestoreAsset",
				"StepNumber": 21,
				"Locator": { 
					
					"TypeIs": "AudioClip",
					"NameIs": "HitLongRight5"
					}
			}
		]
      }
    }
  ]
}