﻿{
  "id": "InvisibleSaberV1",
  "name": "Invisible Saber V1",
  "author": "RedBrumbler",
  "description": ["Hold up, where did it go?"],
  "gameVersion": "1.1.0",
  "version": "1.0.0.1",
  "platform": "Quest",
  "category": "Saber",
  "coverImageFilename": "Cover.png",
  "components": [
    {
      "Type": "AssetsMod",
      "InstallAction": {
        "PreloadFiles": ["sharedassets12.assets"],
		"Actions": [
			{
				"Type": "ReplaceAsset",
				"StepNumber": 1,
				"Locator": { 
					
					"PathIs": {
						"AssetFilename": "sharedassets12.assets",
						"PathID": 62
						}
					},
				"FromDataFile": "FakeGlow.dat"
			},
			{
				"Type": "ReplaceAsset",
				"StepNumber": 1,
				"Locator": { 
					"PathIs": {
						"AssetFilename": "sharedassets12.assets",
						"PathID": 44
						}
					},
				"FromDataFile": "SaberRenderer.dat"
			},
			{
				"Type": "ReplaceAsset",
				"StepNumber": 1,
				"Locator": { 
					"PathIs": {
						"AssetFilename": "sharedassets12.assets",
						"PathID": 43
						}
					},
				"FromDataFile": "SaberRenderer.dat"
			},
			{
				"Type": "ReplaceAsset",
				"StepNumber": 1,
				"Locator": { 
					"PathIs": {
						"AssetFilename": "sharedassets12.assets",
						"PathID": 46
						}
					},
				"FromDataFile": "SaberRenderer.dat"
			}
		]
      },
	  "UninstallAction": {
        "PreloadFiles": ["sharedassets12.assets"],
		"Actions": [
			{
				"Type": "RestoreAsset",
				"StepNumber": 1,
				"Locator": { 
					
					"PathIs": {
						"AssetFilename": "sharedassets12.assets",
						"PathID": 62
						}
					}				
			},
			{
				"Type": "RestoreAsset",
				"StepNumber": 1,
				"Locator": { 
					
					"PathIs": {
						"AssetFilename": "sharedassets12.assets",
						"PathID": 43
						}
					}				
			},
			{
				"Type": "RestoreAsset",
				"StepNumber": 1,
				"Locator": { 
					
					"PathIs": {
						"AssetFilename": "sharedassets12.assets",
						"PathID": 44
						}
					}				
			},
			{
				"Type": "RestoreAsset",
				"StepNumber": 1,
				"Locator": { 
					
					"PathIs": {
						"AssetFilename": "sharedassets12.assets",
						"PathID": 46
						}
					}				
			}
		]
      }
    }
  ]
}