﻿{
  "id": "SaberGlowDisablerV1",
  "name": "Saber Glow Disabler V1",
  "author": "RedBrumbler",
  "description": ["Disable the saber fake glow effect"],
  "gameVersion": "1.1.0",
  "version": "1.0.0.0",
  "platform": "Quest",
  "category": "Other",
  "coverImageFilename": "Cover.png",
  "components": [
    {
      "Type": "AssetsMod",
      "InstallAction": {
        "PreloadFiles": ["sharedassets12.assets"],
		"Actions": [
			{
				"Type": "ReplaceAsset",
				"StepNumber": 1,
				"Locator": { 
					
					"PathIs": {
						"AssetFilename": "sharedassets12.assets",
						"PathID": 62
						}
					},
				"FromDataFile": "FakeGlow.dat"
			}
		]
      },
	  "UninstallAction": {
        "PreloadFiles": ["sharedassets12.assets"],
		"Actions": [
			{
				"Type": "RestoreAsset",
				"StepNumber": 1,
				"Locator": { 
					
					"PathIs": {
						"AssetFilename": "sharedassets12.assets",
						"PathID": 62
						}
					}				
			}
		]
      }
    }
  ]
}