﻿{
  "id": "LennyPlatformV1",
  "name": "Lenny Platform V1",
  "author": "RedBrumbler",
  "description": ["With help from Node, the first custom platform on quest! ( ͡° ͜ʖ ͡°) "],
  "gameVersion": "1.1.0",
  "version": "1.0.0.0",
  "platform": "Quest",
  "category": "Saber",
  "coverImageFilename": "Cover.png",
  "components": [
    {
      "Type": "AssetsMod",
      "InstallAction": {
        "PreloadFiles": ["sharedassets3.assets"],
		"Actions": [
			{
				"Type": "ReplaceAsset",
				"StepNumber": 1,
				"Locator": { 
					"TypeIs": "Mesh",
					"NameIs": "PlayersPlaceCore"
					},
				"FromDataFile": "PlayersPlaceCore.dat"
			},
			{
				"Type": "ReplaceAsset",
				"StepNumber": 1,
				"Locator": { 
					"TypeIs": "Mesh",
					"NameIs": "PlayersPlaceFrame"
					},
				"FromDataFile": "PlayersPlaceFrame.dat"
			}
		]
      },
	  "UninstallAction": {
        "PreloadFiles": ["sharedassets3.assets"],
		"Actions": [
			{
				"Type": "RestoreAsset",
				"StepNumber": 1,
				"Locator": { 
					"TypeIs": "Mesh",
					"NameIs": "PlayersPlaceCore"
					}				
			},
			{
				"Type": "RestoreAsset",
				"StepNumber": 2,
				"Locator": { 
					"TypeIs": "Mesh",
					"NameIs": "PlayersPlaceFrame"
					}
			}
		]
      }
    }
  ]
}