{
  "coverImageFilename": "Cover.png",
  "icon": "Cover.png",
  "components": [
    {
      "Type": "AssetsMod",
      "InstallAction": {
        "PreloadFiles": [
          "sharedassets12.assets"
        ],
        "Actions": [
          {
            "Type": "ReplaceAsset",
            "FromDataFile": "SaberRenderer.dat",
            "Locator": {
              "PathIs": {
                "AssetFilename": "sharedassets12.assets",
                "PathID": 44
              }
            },
            "AllowOverwriteName": false,
            "StepNumber": 1
          },
          {
            "Type": "ReplaceAsset",
            "FromDataFile": "SaberGlowingEdges.dat",
            "Locator": {
              "TypeIs": "Mesh",
              "NameIs": "SaberGlowingEdges"
            },
            "AllowOverwriteName": false,
            "StepNumber": 2
          },
          {
            "Type": "ReplaceAsset",
            "FromDataFile": "FakeGlow.dat",
            "Locator": {
              "PathIs": {
                "AssetFilename": "sharedassets12.assets",
                "PathID": 62
              }
            },
            "AllowOverwriteName": false,
            "StepNumber": 3
          },
          {
            "Type": "ReplaceAsset",
            "FromDataFile": "SaberHandle.dat",
            "Locator": {
              "TypeIs": "Mesh",
              "NameIs": "SaberHandle"
            },
            "AllowOverwriteName": false,
            "StepNumber": 4
          },
          {
            "Type": "ReplaceAsset",
            "FromDataFile": "FullTrail.dat",
            "Locator": {
              "TypeIs": "Texture2D",
              "NameIs": "FullTrail"
            },
            "AllowOverwriteName": false,
            "StepNumber": 5
          }
        ]
      },
      "UninstallAction": {
        "PreloadFiles": [
          "sharedassets12.assets"
        ],
        "Actions": [
          {
            "Type": "RestoreAsset",
            "Locator": {
              "PathIs": {
                "AssetFilename": "sharedassets12.assets",
                "PathID": 44
              }
            },
            "StepNumber": 1
          },
          {
            "Type": "RestoreAsset",
            "Locator": {
              "TypeIs": "Mesh",
              "NameIs": "SaberGlowingEdges"
            },
            "StepNumber": 2
          },
          {
            "Type": "RestoreAsset",
            "Locator": {
              "TypeIs": "Mesh",
              "NameIs": "SaberHandle"
            },
            "StepNumber": 3
          },
          {
            "Type": "RestoreAsset",
            "Locator": {
              "PathIs": {
                "AssetFilename": "sharedassets12.assets",
                "PathID": 62
              }
            },
            "StepNumber": 4
          },
          {
            "Type": "RestoreAsset",
            "Locator": {
              "TypeIs": "Texture2D",
              "NameIs": "FullTrail"
            },
            "StepNumber": 5
          }
        ]
      }
    }
  ],
  "version": "1.0.0",
  "links": {},
  "description": [
    "Halo Energy Sword from the Halo games"
  ],
  "gameVersion": "1.1.0",
  "platform": "Quest",
  "id": "HaloEnergySwordV1",
  "name": "Halo Energy Sword V1",
  "author": "RedBrumbler",
  "category": "Saber"
}